<?xml version="1.0" encoding="utf-8"?>
<AxTable xmlns:i="http://www.w3.org/2001/XMLSchema-instance">
	<Name>ConVMSVehicleGroup</Name>
	<SourceCode>
		<Declaration><![CDATA[
public class ConVMSVehicleGroup extends common
{
}
]]></Declaration>
		<Methods>
			<Method>
				<Name>Find</Name>
				<Source><![CDATA[
    /// <summary>
    /// Returns a record in <c>ConVMSVehicleGroup</c>
    /// based on the _groupId parameter
    /// </summary>
    /// <param name = "_groupId">The Vehicle group ID to find</param>
    /// <param name = "_forUpdate">True if the record should be selected for update</param>
    /// <returns>The <c>ConVMSVehicleGroup</c> record</returns>
    public static ConVMSVehicleGroup Find(ConVMSVehicleGroupId _groupId, boolean _forUpdate = false)
    {
        ConVMSVehicleGroup vehGroup;
        
        if (_groupId != '')
        {
            vehGroup.selectForUpdate(_forUpdate);
            select firstonly * from vehGroup
                where vehGroup.VehicleGroupId == _groupId;
        }
        return vehGroup;
    }

]]></Source>
			</Method>
			<Method>
				<Name>Exist</Name>
				<Source><![CDATA[
    ///<summary>
    /// Checks if a record exists in <c>ConVMSVehicleGroup</c>
    ///</summary>
    ///<param name = "_groupId">
    /// The Vehicle group ID to find
    ///</param>
    ///<returns>
    /// True if found
    ///</returns>
    public static boolean Exist(ConVMSVehicleGroupId _groupId)
    {
        ConVMSVehicleGroup vehGroup;

        if (_groupId != '')
        {
            select firstonly RecId
                from vehGroup
                where vehGroup.VehicleGroupId == _groupId;
        }
        return (vehGroup.RecId != 0);
    }

]]></Source>
			</Method>
		</Methods>
	</SourceCode>
	<DeveloperDocumentation>@ConVMS:VehicleGroupTableDev</DeveloperDocumentation>
	<Label>@ConVMS:VehicleGroupTable</Label>
	<SubscriberAccessLevel>
		<Read>Allow</Read>
	</SubscriberAccessLevel>
	<TitleField1>VehicleGroupId</TitleField1>
	<TitleField2>Name</TitleField2>
	<CacheLookup>Found</CacheLookup>
	<ClusteredIndex>GroupIdx</ClusteredIndex>
	<CreatedDateTime>Yes</CreatedDateTime>
	<CreatedTransactionId>Yes</CreatedTransactionId>
	<ModifiedBy>Yes</ModifiedBy>
	<ModifiedDateTime>Yes</ModifiedDateTime>
	<PrimaryIndex>GroupIdx</PrimaryIndex>
	<ReplacementKey>GroupIdx</ReplacementKey>
	<DeleteActions />
	<FieldGroups>
		<AxTableFieldGroup>
			<Name>AutoReport</Name>
			<Fields />
		</AxTableFieldGroup>
		<AxTableFieldGroup>
			<Name>AutoLookup</Name>
			<Fields>
				<AxTableFieldGroupField>
					<DataField>VehicleGroupId</DataField>
				</AxTableFieldGroupField>
				<AxTableFieldGroupField>
					<DataField>Name</DataField>
				</AxTableFieldGroupField>
			</Fields>
		</AxTableFieldGroup>
		<AxTableFieldGroup>
			<Name>AutoIdentification</Name>
			<AutoPopulate>Yes</AutoPopulate>
			<Fields>
				<AxTableFieldGroupField>
					<DataField>VehicleGroupId</DataField>
				</AxTableFieldGroupField>
			</Fields>
		</AxTableFieldGroup>
		<AxTableFieldGroup>
			<Name>AutoSummary</Name>
			<Fields />
		</AxTableFieldGroup>
		<AxTableFieldGroup>
			<Name>AutoBrowse</Name>
			<Fields />
		</AxTableFieldGroup>
		<AxTableFieldGroup>
			<Name>Overview</Name>
			<Label>@SYS9039</Label>
			<Fields>
				<AxTableFieldGroupField>
					<DataField>VehicleGroupId</DataField>
				</AxTableFieldGroupField>
				<AxTableFieldGroupField>
					<DataField>Name</DataField>
				</AxTableFieldGroupField>
			</Fields>
		</AxTableFieldGroup>
	</FieldGroups>
	<Fields>
		<AxTableField xmlns=""
			i:type="AxTableFieldString">
			<Name>VehicleGroupId</Name>
			<AllowEdit>No</AllowEdit>
			<ExtendedDataType>ConVMSVehicleGroupId</ExtendedDataType>
			<Mandatory>Yes</Mandatory>
		</AxTableField>
		<AxTableField xmlns=""
			i:type="AxTableFieldString">
			<Name>Name</Name>
			<ExtendedDataType>Name</ExtendedDataType>
		</AxTableField>
	</Fields>
	<FullTextIndexes />
	<Indexes>
		<AxTableIndex>
			<Name>GroupIdx</Name>
			<AlternateKey>Yes</AlternateKey>
			<Fields>
				<AxTableIndexField>
					<DataField>VehicleGroupId</DataField>
				</AxTableIndexField>
			</Fields>
		</AxTableIndex>
	</Indexes>
	<Mappings />
	<Relations />
	<StateMachines />
</AxTable>