<?xml version="1.0" encoding="utf-8"?>
<AxTable xmlns:i="http://www.w3.org/2001/XMLSchema-instance">
	<Name>ConVMSVehicleServiceLine</Name>
	<SourceCode>
		<Declaration><![CDATA[
public class ConVMSVehicleServiceLine extends common
{
}
]]></Declaration>
		<Methods>
			<Method>
				<Name>InitFromInventTable</Name>
				<Source><![CDATA[
    public void InitFromInventTable(InventTable _inventTable)
    {
        this.ItemName = _inventTable.itemName();
    }

]]></Source>
			</Method>
			<Method>
				<Name>modifiedField</Name>
				<Source><![CDATA[
    public void modifiedField(FieldId _fieldId)
    {
        super (_fieldId);
        switch (_fieldId)
        {
            case fieldNum(ConVMSVehicleServiceLine, ItemId):
                this.initFromInventTable(InventTable::find(this.ItemId));
                break;
        }
    }

]]></Source>
			</Method>
			<Method>
				<Name>Find</Name>
				<Source><![CDATA[
    /// <summary>
    /// Returns a record in <c>ConVMSVehicleServiceLine</c>
    /// based on the _id parameter
    /// </summary>
    /// <param name = "_id">The Vehicle service ID to find</param>
    /// <param name = "_lineNum">The line number to find</param>
    /// <param name = "_forUpdate">True if the record should be selected for update</param>
    /// <returns>The <c>ConVMSVehicleServiceLine</c> record</returns>
    public static ConVMSVehicleServiceLine Find(ConVMSVehicleServiceId _id, LineNum _lineNum, boolean _forUpdate = false)
    {
        ConVMSVehicleServiceLine line;
        
        if (_id != '')
        {
            line.selectForUpdate(_forUpdate);
            select firstonly * from line
                where line.ServiceId == _id
                    && line.LineNum == _lineNum;
        }
        return line;
    }

]]></Source>
			</Method>
			<Method>
				<Name>Exist</Name>
				<Source><![CDATA[
    ///<summary>
    /// Checks if a record exists in <c>ConVMSVehicleServiceLine</c>
    ///</summary>
    ///<param name = "_id"> The Vehicle service ID to find</param>
    /// <param name = "_lineNum">The line number to find</param>
    ///<returns>
    /// True if found
    ///</returns>
    public static boolean Exist(ConVMSVehicleServiceId _id, LineNum _lineNum)
    {
        ConVMSVehicleServiceLine line;

        if (_id != '')
        {
            select firstonly RecId
                from line
                where line.ServiceId == _id
                    && line.LineNum == _lineNum;
        }
        return (line.RecId != 0);
    }

]]></Source>
			</Method>
		</Methods>
	</SourceCode>
	<DeveloperDocumentation>@ConVMS:ServiceOrderLineDev</DeveloperDocumentation>
	<Label>@ConVMS:ServiceOrderLine</Label>
	<SubscriberAccessLevel>
		<Read>Allow</Read>
	</SubscriberAccessLevel>
	<TableGroup>WorksheetLine</TableGroup>
	<TitleField1>ItemId</TitleField1>
	<TitleField2>ItemName</TitleField2>
	<CacheLookup>Found</CacheLookup>
	<ClusteredIndex>ServiceLineIdx</ClusteredIndex>
	<CreatedBy>Yes</CreatedBy>
	<CreatedDateTime>Yes</CreatedDateTime>
	<ModifiedBy>Yes</ModifiedBy>
	<ModifiedDateTime>Yes</ModifiedDateTime>
	<DeleteActions />
	<FieldGroups>
		<AxTableFieldGroup>
			<Name>AutoReport</Name>
			<Fields />
		</AxTableFieldGroup>
		<AxTableFieldGroup>
			<Name>AutoLookup</Name>
			<Fields />
		</AxTableFieldGroup>
		<AxTableFieldGroup>
			<Name>AutoIdentification</Name>
			<AutoPopulate>Yes</AutoPopulate>
			<Fields />
		</AxTableFieldGroup>
		<AxTableFieldGroup>
			<Name>AutoSummary</Name>
			<Fields />
		</AxTableFieldGroup>
		<AxTableFieldGroup>
			<Name>AutoBrowse</Name>
			<Fields />
		</AxTableFieldGroup>
		<AxTableFieldGroup>
			<Name>Overview</Name>
			<Label>@SYS9039</Label>
			<Fields>
				<AxTableFieldGroupField>
					<DataField>ItemId</DataField>
				</AxTableFieldGroupField>
				<AxTableFieldGroupField>
					<DataField>ItemName</DataField>
				</AxTableFieldGroupField>
				<AxTableFieldGroupField>
					<DataField>ServiceStatus</DataField>
				</AxTableFieldGroupField>
			</Fields>
		</AxTableFieldGroup>
		<AxTableFieldGroup>
			<Name>Identification</Name>
			<Label>@SYS5711</Label>
			<Fields>
				<AxTableFieldGroupField>
					<DataField>ServiceId</DataField>
				</AxTableFieldGroupField>
				<AxTableFieldGroupField>
					<DataField>LineNum</DataField>
				</AxTableFieldGroupField>
			</Fields>
		</AxTableFieldGroup>
	</FieldGroups>
	<Fields>
		<AxTableField xmlns=""
			i:type="AxTableFieldString">
			<Name>ServiceId</Name>
			<AllowEdit>No</AllowEdit>
			<AllowEditOnCreate>No</AllowEditOnCreate>
			<ExtendedDataType>ConVMSVehicleServiceId</ExtendedDataType>
			<Mandatory>Yes</Mandatory>
		</AxTableField>
		<AxTableField xmlns=""
			i:type="AxTableFieldReal">
			<Name>LineNum</Name>
			<AllowEdit>No</AllowEdit>
			<AllowEditOnCreate>No</AllowEditOnCreate>
			<ExtendedDataType>LineNum</ExtendedDataType>
			<Mandatory>Yes</Mandatory>
		</AxTableField>
		<AxTableField xmlns=""
			i:type="AxTableFieldString">
			<Name>ItemId</Name>
			<AllowEdit>No</AllowEdit>
			<ExtendedDataType>ItemId</ExtendedDataType>
			<Mandatory>Yes</Mandatory>
		</AxTableField>
		<AxTableField xmlns=""
			i:type="AxTableFieldString">
			<Name>ItemName</Name>
			<ExtendedDataType>ItemName</ExtendedDataType>
		</AxTableField>
		<AxTableField xmlns=""
			i:type="AxTableFieldEnum">
			<Name>ServiceStatus</Name>
			<EnumType>ConVMSVehicleServiceStatus</EnumType>
		</AxTableField>
	</Fields>
	<FullTextIndexes />
	<Indexes>
		<AxTableIndex>
			<Name>ServiceLineIdx</Name>
			<Fields>
				<AxTableIndexField>
					<DataField>ServiceId</DataField>
				</AxTableIndexField>
				<AxTableIndexField>
					<DataField>LineNum</DataField>
				</AxTableIndexField>
			</Fields>
		</AxTableIndex>
	</Indexes>
	<Mappings />
	<Relations>
		<AxTableRelation>
			<Name>ConVMSVehicleServiceTable</Name>
			<Cardinality>ZeroOne</Cardinality>
			<OnDelete>Cascade</OnDelete>
			<RelatedTable>ConVMSVehicleServiceTable</RelatedTable>
			<RelatedTableCardinality>ZeroOne</RelatedTableCardinality>
			<RelationshipType>Association</RelationshipType>
			<Constraints>
				<AxTableRelationConstraint xmlns=""
					i:type="AxTableRelationConstraintField">
					<Name>ServiceId</Name>
					<Field>ServiceId</Field>
					<RelatedField>ServiceId</RelatedField>
				</AxTableRelationConstraint>
			</Constraints>
		</AxTableRelation>
		<AxTableRelation>
			<Name>InventTable</Name>
			<Cardinality>OneMore</Cardinality>
			<OnDelete>Restricted</OnDelete>
			<RelatedTable>InventTable</RelatedTable>
			<RelatedTableCardinality>ExactlyOne</RelatedTableCardinality>
			<RelationshipType>Association</RelationshipType>
			<Constraints>
				<AxTableRelationConstraint xmlns=""
					i:type="AxTableRelationConstraintField">
					<Name>ItemId</Name>
					<Field>ItemId</Field>
					<RelatedField>ItemId</RelatedField>
				</AxTableRelationConstraint>
			</Constraints>
		</AxTableRelation>
	</Relations>
	<StateMachines />
</AxTable>