<?xml version="1.0" encoding="utf-8"?>
<AxTable xmlns:i="http://www.w3.org/2001/XMLSchema-instance">
	<Name>ConVMSParameters</Name>
	<SourceCode>
		<Declaration><![CDATA[
public class ConVMSParameters extends common
{
}
]]></Declaration>
		<Methods>
			<Method>
				<Name>Find</Name>
				<Source><![CDATA[
    public static ConVMSParameters Find(boolean _forUpdate = false)
    {
        ConVMSParameters parm;
        parm.selectForUpdate(_forUpdate);
        select firstonly parm where parm.Key == 0;

        if (!parm && !parm.istmp())
        {
            Company::createParameter(parm);
            parm.selectForUpdate(_forUpdate);
        }
        return parm;
    }

]]></Source>
			</Method>
			<Method>
				<Name>Exist</Name>
				<Source><![CDATA[
    public static boolean Exist()
    {
        return (select firstonly RecId from ConVMSParameters).RecId != 0;
    }

]]></Source>
			</Method>
			<Method>
				<Name>validateDelete</Name>
				<Source><![CDATA[
    public boolean validateDelete()
    {
        return checkFailed("@SYS23721");
    }

]]></Source>
			</Method>
			<Method>
				<Name>update</Name>
				<Source><![CDATA[
    public void update()
    {
        super();
        flush ConVMSParameters;
    }

]]></Source>
			</Method>
		</Methods>
	</SourceCode>
	<DeveloperDocumentation>@ConVMS:PropertiesDevDoc</DeveloperDocumentation>
	<Label>@ConVMS:PropertiesTable</Label>
	<SubscriberAccessLevel>
		<Read>Allow</Read>
	</SubscriberAccessLevel>
	<TableGroup>Parameter</TableGroup>
	<CacheLookup>EntireTable</CacheLookup>
	<CreatedBy>Yes</CreatedBy>
	<CreatedDateTime>Yes</CreatedDateTime>
	<ModifiedBy>Yes</ModifiedBy>
	<ModifiedDateTime>Yes</ModifiedDateTime>
	<DeleteActions />
	<FieldGroups>
		<AxTableFieldGroup>
			<Name>AutoReport</Name>
			<Fields />
		</AxTableFieldGroup>
		<AxTableFieldGroup>
			<Name>AutoLookup</Name>
			<Fields />
		</AxTableFieldGroup>
		<AxTableFieldGroup>
			<Name>AutoIdentification</Name>
			<AutoPopulate>Yes</AutoPopulate>
			<Fields />
		</AxTableFieldGroup>
		<AxTableFieldGroup>
			<Name>AutoSummary</Name>
			<Fields />
		</AxTableFieldGroup>
		<AxTableFieldGroup>
			<Name>AutoBrowse</Name>
			<Fields />
		</AxTableFieldGroup>
		<AxTableFieldGroup>
			<Name>Defaults</Name>
			<Label>@SYS334126 </Label>
			<Fields>
				<AxTableFieldGroupField>
					<DataField>DefaultVehicleGroupId</DataField>
				</AxTableFieldGroupField>
			</Fields>
		</AxTableFieldGroup>
	</FieldGroups>
	<Fields>
		<AxTableField xmlns=""
			i:type="AxTableFieldString">
			<Name>DefaultVehicleGroupId</Name>
			<ExtendedDataType>ConVMSVehicleGroupId</ExtendedDataType>
		</AxTableField>
		<AxTableField xmlns=""
			i:type="AxTableFieldInt">
			<Name>Key</Name>
			<ExtendedDataType>ParametersKey</ExtendedDataType>
			<Visible>No</Visible>
		</AxTableField>
	</Fields>
	<FullTextIndexes />
	<Indexes>
		<AxTableIndex>
			<Name>KeyIdx</Name>
			<Fields>
				<AxTableIndexField>
					<DataField>Key</DataField>
				</AxTableIndexField>
			</Fields>
		</AxTableIndex>
	</Indexes>
	<Mappings />
	<Relations>
		<AxTableRelation xmlns=""
			i:type="AxTableRelationForeignKey">
			<Name>ConVMSVehicleGroup</Name>
			<Cardinality>ZeroOne</Cardinality>
			<OnDelete>Restricted</OnDelete>
			<RelatedTable>ConVMSVehicleGroup</RelatedTable>
			<RelatedTableCardinality>ZeroOne</RelatedTableCardinality>
			<RelationshipType>Association</RelationshipType>
			<Constraints>
				<AxTableRelationConstraint xmlns=""
					i:type="AxTableRelationConstraintField">
					<Name>DefaultVehicleGroupId</Name>
					<Field>DefaultVehicleGroupId</Field>
					<RelatedField>VehicleGroupId</RelatedField>
				</AxTableRelationConstraint>
			</Constraints>
		</AxTableRelation>
	</Relations>
	<StateMachines />
</AxTable>