<?xml version="1.0" encoding="utf-8"?>
<AxTable xmlns:i="http://www.w3.org/2001/XMLSchema-instance">
	<Name>ConVMSVehicleTable</Name>
	<SourceCode>
		<Declaration><![CDATA[
public class ConVMSVehicleTable extends common
{
}
]]></Declaration>
		<Methods>
			<Method>
				<Name>initValue</Name>
				<Source><![CDATA[
    public void initValue()
    {
        super();

        ConVMSParameters parm = ConVMSParameters::Find();
        this.VehicleGroupId = parm.DefaultVehicleGroupId;
    }

]]></Source>
			</Method>
			<Method>
				<Name>defaultField</Name>
				<Source><![CDATA[
    public void defaultField(FieldId _fieldId)
    {
        super(_fieldId);
        switch (_fieldId)
        {
            case fieldNum(ConVMSVehicleTable, VehicleGroupId):
                this.VehicleGroupId = ConVMSParameters::Find().DefaultVehicleGroupId;
                break;
        }
    }

]]></Source>
			</Method>
			<Method>
				<Name>validateField</Name>
				<Source><![CDATA[
    public boolean validateField(FieldId _fieldIdToCheck)
    {
        boolean ret;

        ret = super(_fieldIdToCheck);
        switch (ret)
        {
            case fieldNum(ConVMSVehicleTable, AcquiredDate):
                Timezone clientTimeZone = DateTimeUtil::getClientMachineTimeZone();
                TransDate today = DateTimeUtil::getSystemDate(clientTimeZone);
                if(this.AcquiredDate < today)
                {
                    //	The acquisition date must be today or later
                    ret = checkFailed("@ConVMS:AcqDateMustBeTodayOrLater");
                }
                break;
        }

        return ret;
    }

]]></Source>
			</Method>
			<Method>
				<Name>Find</Name>
				<Source><![CDATA[
    /// <summary>
    /// Returns a record in <c>ConVMSVehicleGroup</c>
    /// based on the _id parameter
    /// </summary>
    /// <param name = "_id">The Vehicle ID to find</param>
    /// <param name = "_forUpdate">True if the record should be selected for update</param>
    /// <returns>The <c>ConVMSVehicleTable</c> record</returns>
    public static ConVMSVehicleTable Find(ConVMSVehicleId _id, boolean _forUpdate = false)
    {
        ConVMSVehicleTable vehicle;
        
        if (_id != '')
        {
            vehicle.selectForUpdate(_forUpdate);
            select firstonly * from vehicle
                where vehicle.VehicleId == _id;
        }
        return vehicle;
    }

]]></Source>
			</Method>
			<Method>
				<Name>Exist</Name>
				<Source><![CDATA[
    ///<summary>
    /// Checks if a record exists in <c>ConVMSVehicleTable</c>
    ///</summary>
    ///<param name = "_id">
    /// The Vehicle group ID to find
    ///</param>
    ///<returns>
    /// True if found
    ///</returns>
    public static boolean Exist(ConVMSVehicleId _id)
    {
        ConVMSVehicleTable vehicle;

        if (_id != '')
        {
            select firstonly RecId
                from vehicle
                where vehicle.VehicleId == _id;
        }
        return (vehicle.RecId != 0);
    }

]]></Source>
			</Method>
		</Methods>
	</SourceCode>
	<DeveloperDocumentation>@ConVMS:VehicleTableDev</DeveloperDocumentation>
	<Label>@ConVMS:VehicleTable</Label>
	<SubscriberAccessLevel>
		<Read>Allow</Read>
	</SubscriberAccessLevel>
	<TableGroup>Main</TableGroup>
	<TitleField1>VehicleId</TitleField1>
	<TitleField2>Name</TitleField2>
	<CacheLookup>Found</CacheLookup>
	<ClusteredIndex>VehicleIdx</ClusteredIndex>
	<CreatedBy>Yes</CreatedBy>
	<CreatedDateTime>Yes</CreatedDateTime>
	<ModifiedBy>Yes</ModifiedBy>
	<ModifiedDateTime>Yes</ModifiedDateTime>
	<DeleteActions />
	<FieldGroups>
		<AxTableFieldGroup>
			<Name>AutoReport</Name>
			<Fields />
		</AxTableFieldGroup>
		<AxTableFieldGroup>
			<Name>AutoLookup</Name>
			<Fields />
		</AxTableFieldGroup>
		<AxTableFieldGroup>
			<Name>AutoIdentification</Name>
			<AutoPopulate>Yes</AutoPopulate>
			<Fields />
		</AxTableFieldGroup>
		<AxTableFieldGroup>
			<Name>AutoSummary</Name>
			<Fields />
		</AxTableFieldGroup>
		<AxTableFieldGroup>
			<Name>AutoBrowse</Name>
			<Fields />
		</AxTableFieldGroup>
		<AxTableFieldGroup>
			<Name>Overview</Name>
			<Label>@SYS9039</Label>
			<Fields>
				<AxTableFieldGroupField>
					<DataField>VehicleId</DataField>
				</AxTableFieldGroupField>
				<AxTableFieldGroupField>
					<DataField>Name</DataField>
				</AxTableFieldGroupField>
				<AxTableFieldGroupField>
					<DataField>VehicleGroupId</DataField>
				</AxTableFieldGroupField>
				<AxTableFieldGroupField>
					<DataField>VehicleType</DataField>
				</AxTableFieldGroupField>
			</Fields>
		</AxTableFieldGroup>
		<AxTableFieldGroup>
			<Name>Details</Name>
			<Label>@SYS318405</Label>
			<Fields>
				<AxTableFieldGroupField>
					<DataField>VehicleId</DataField>
				</AxTableFieldGroupField>
				<AxTableFieldGroupField>
					<DataField>Name</DataField>
				</AxTableFieldGroupField>
				<AxTableFieldGroupField>
					<DataField>VehicleGroupId</DataField>
				</AxTableFieldGroupField>
				<AxTableFieldGroupField>
					<DataField>VehicleType</DataField>
				</AxTableFieldGroupField>
				<AxTableFieldGroupField>
					<DataField>VehRegNum</DataField>
				</AxTableFieldGroupField>
				<AxTableFieldGroupField>
					<DataField>AcquiredDate</DataField>
				</AxTableFieldGroupField>
			</Fields>
		</AxTableFieldGroup>
	</FieldGroups>
	<Fields>
		<AxTableField xmlns=""
			i:type="AxTableFieldString">
			<Name>VehicleId</Name>
			<AllowEdit>No</AllowEdit>
			<ExtendedDataType>ConVMSVehicleId</ExtendedDataType>
			<Mandatory>Yes</Mandatory>
		</AxTableField>
		<AxTableField xmlns=""
			i:type="AxTableFieldString">
			<Name>Name</Name>
			<ExtendedDataType>Name</ExtendedDataType>
		</AxTableField>
		<AxTableField xmlns=""
			i:type="AxTableFieldString">
			<Name>VehicleGroupId</Name>
			<ExtendedDataType>ConVMSVehicleGroupId</ExtendedDataType>
			<Mandatory>Yes</Mandatory>
		</AxTableField>
		<AxTableField xmlns=""
			i:type="AxTableFieldEnum">
			<Name>VehicleType</Name>
			<EnumType>ConVMSVehicleType</EnumType>
		</AxTableField>
		<AxTableField xmlns=""
			i:type="AxTableFieldString">
			<Name>VehRegNum</Name>
			<AliasFor>VehicleId</AliasFor>
			<ExtendedDataType>ConVMSVehRegNum</ExtendedDataType>
		</AxTableField>
		<AxTableField xmlns=""
			i:type="AxTableFieldDate">
			<Name>AcquiredDate</Name>
			<ExtendedDataType>ConVMSAcquiredDate</ExtendedDataType>
		</AxTableField>
	</Fields>
	<FullTextIndexes />
	<Indexes>
		<AxTableIndex>
			<Name>VehicleIdx</Name>
			<Fields>
				<AxTableIndexField>
					<DataField>VehicleId</DataField>
				</AxTableIndexField>
			</Fields>
		</AxTableIndex>
		<AxTableIndex>
			<Name>VehicleGroupIdx</Name>
			<AllowDuplicates>Yes</AllowDuplicates>
			<Fields>
				<AxTableIndexField>
					<DataField>VehicleGroupId</DataField>
				</AxTableIndexField>
			</Fields>
		</AxTableIndex>
	</Indexes>
	<Mappings />
	<Relations>
		<AxTableRelation xmlns=""
			i:type="AxTableRelationForeignKey">
			<Name>ConVMSVehicleGroup</Name>
			<Cardinality>OneMore</Cardinality>
			<OnDelete>Restricted</OnDelete>
			<RelatedTable>ConVMSVehicleGroup</RelatedTable>
			<RelatedTableCardinality>ZeroOne</RelatedTableCardinality>
			<RelationshipType>Association</RelationshipType>
			<Constraints>
				<AxTableRelationConstraint xmlns=""
					i:type="AxTableRelationConstraintField">
					<Name>VehicleGroupId</Name>
					<Field>VehicleGroupId</Field>
					<RelatedField>VehicleGroupId</RelatedField>
				</AxTableRelationConstraint>
			</Constraints>
		</AxTableRelation>
	</Relations>
	<StateMachines />
</AxTable>