<?xml version="1.0" encoding="utf-8"?>
<AxTable xmlns:i="http://www.w3.org/2001/XMLSchema-instance">
	<Name>ConVMSVehicleServiceTable</Name>
	<SourceCode>
		<Declaration><![CDATA[
public class ConVMSVehicleServiceTable extends common
{
}
]]></Declaration>
		<Methods>
			<Method>
				<Name>validateWrite</Name>
				<Source><![CDATA[
    public boolean validateWrite()
    {
        boolean ret;
        ret = super();
        ret = ret && this.CheckCanEdit();
        return ret;
    }

]]></Source>
			</Method>
			<Method>
				<Name>CheckCanEdit</Name>
				<Source><![CDATA[
    public boolean CheckCanEdit()
    {
        if (!this.CanEdit())
        {
            //Service order cannot be changed.
            return checkFailed("@ConVMS:ServiceOrderCannotBeChanged");
        }
        return true;
    }

]]></Source>
			</Method>
			<Method>
				<Name>CanEdit</Name>
				<Source><![CDATA[
    public boolean CanEdit()
    {
        switch (this.ServiceStatus)
        {
            case ConVMSVehicleServiceStatus::None:
            case ConVMSVehicleServiceStatus::Confirmed:
                return true;
        }
        return false;
    }

]]></Source>
			</Method>
			<Method>
				<Name>InitFromVehicleTable</Name>
				<Source><![CDATA[
    public void InitFromVehicleTable(ConVMSVehicleTable _vehicle)
    {
        this.Name = _vehicle.Name;
    }

]]></Source>
			</Method>
			<Method>
				<Name>modifiedField</Name>
				<Source><![CDATA[
    public void modifiedField(FieldId _fieldId)
    {
        super(_fieldId);
        switch(_fieldId)
        {
            case fieldNum(ConVMSVehicleServiceTable, VehicleId):
                this.InitFromVehicleTable(ConVMSVehicleTable::Find(this.VehicleId));
                break;
        }
    }

]]></Source>
			</Method>
			<Method>
				<Name>Find</Name>
				<Source><![CDATA[
    /// <summary>
    /// Returns a record in <c>ConVMSVehicleGroup</c>
    /// based on the _id parameter
    /// </summary>
    /// <param name = "_id">The Vehicle service ID to find</param>
    /// <param name = "_forUpdate">True if the record should be selected for update</param>
    /// <returns>The <c>ConVMSVehicleServiceTable</c> record</returns>
    public static ConVMSVehicleServiceTable Find(ConVMSVehicleServiceId _id, boolean _forUpdate = false)
    {
        ConVMSVehicleServiceTable serviceOrder;
        
        if (_id != '')
        {
            serviceOrder.selectForUpdate(_forUpdate);
            select firstonly * from serviceOrder
                where serviceOrder.ServiceId == _id;
        }
        return serviceOrder;
    }

]]></Source>
			</Method>
			<Method>
				<Name>Exist</Name>
				<Source><![CDATA[
    ///<summary>
    /// Checks if a record exists in <c>ConVMSVehicleServiceTable</c>
    ///</summary>
    ///<param name = "_id">
    /// The Vehicle service ID to find
    ///</param>
    ///<returns>
    /// True if found
    ///</returns>
    public static boolean Exist(ConVMSVehicleServiceId _id)
    {
        ConVMSVehicleServiceTable serviceOrder;

        if (_id != '')
        {
            select firstonly RecId
                from serviceOrder
                where serviceOrder.ServiceId == _id;
        }
        return (serviceOrder.RecId != 0);
    }

]]></Source>
			</Method>
		</Methods>
	</SourceCode>
	<DeveloperDocumentation>@ConVMS:VehicleServiceTableDev</DeveloperDocumentation>
	<Label>@ConVMS:VehicleServiceTable</Label>
	<SubscriberAccessLevel>
		<Read>Allow</Read>
	</SubscriberAccessLevel>
	<TableGroup>WorksheetHeader</TableGroup>
	<TitleField1>ServiceId</TitleField1>
	<TitleField2>VehicleId</TitleField2>
	<CacheLookup>Found</CacheLookup>
	<ClusteredIndex>ServiceIdx</ClusteredIndex>
	<PrimaryIndex>ServiceIdx</PrimaryIndex>
	<DeleteActions />
	<FieldGroups>
		<AxTableFieldGroup>
			<Name>AutoReport</Name>
			<Fields />
		</AxTableFieldGroup>
		<AxTableFieldGroup>
			<Name>AutoLookup</Name>
			<Fields />
		</AxTableFieldGroup>
		<AxTableFieldGroup>
			<Name>AutoIdentification</Name>
			<AutoPopulate>Yes</AutoPopulate>
			<Fields />
		</AxTableFieldGroup>
		<AxTableFieldGroup>
			<Name>AutoSummary</Name>
			<Fields />
		</AxTableFieldGroup>
		<AxTableFieldGroup>
			<Name>AutoBrowse</Name>
			<Fields />
		</AxTableFieldGroup>
		<AxTableFieldGroup>
			<Name>Overview</Name>
			<Fields />
		</AxTableFieldGroup>
		<AxTableFieldGroup>
			<Name>Details</Name>
			<Label>@SYS318405</Label>
			<Fields>
				<AxTableFieldGroupField>
					<DataField>ServiceId</DataField>
				</AxTableFieldGroupField>
				<AxTableFieldGroupField>
					<DataField>Name</DataField>
				</AxTableFieldGroupField>
				<AxTableFieldGroupField>
					<DataField>VehicleId</DataField>
				</AxTableFieldGroupField>
				<AxTableFieldGroupField>
					<DataField>ServiceStatus</DataField>
				</AxTableFieldGroupField>
			</Fields>
		</AxTableFieldGroup>
		<AxTableFieldGroup>
			<Name>ServiceDates</Name>
			<Label>@ConVMS:ServiceDates</Label>
			<Fields>
				<AxTableFieldGroupField>
					<DataField>ServiceDateConfirmed</DataField>
				</AxTableFieldGroupField>
				<AxTableFieldGroupField>
					<DataField>ServiceDateReq</DataField>
				</AxTableFieldGroupField>
			</Fields>
		</AxTableFieldGroup>
	</FieldGroups>
	<Fields>
		<AxTableField xmlns=""
			i:type="AxTableFieldString">
			<Name>ServiceId</Name>
			<AllowEdit>No</AllowEdit>
			<ExtendedDataType>ConVMSVehicleServiceId</ExtendedDataType>
			<Mandatory>Yes</Mandatory>
		</AxTableField>
		<AxTableField xmlns=""
			i:type="AxTableFieldString">
			<Name>Name</Name>
			<ExtendedDataType>Name</ExtendedDataType>
		</AxTableField>
		<AxTableField xmlns=""
			i:type="AxTableFieldString">
			<Name>VehicleId</Name>
			<ExtendedDataType>ConVMSVehicleId</ExtendedDataType>
			<IgnoreEDTRelation>Yes</IgnoreEDTRelation>
			<Mandatory>Yes</Mandatory>
		</AxTableField>
		<AxTableField xmlns=""
			i:type="AxTableFieldEnum">
			<Name>ServiceStatus</Name>
			<AllowEdit>No</AllowEdit>
			<AllowEditOnCreate>No</AllowEditOnCreate>
			<EnumType>ConVMSVehicleServiceStatus</EnumType>
		</AxTableField>
		<AxTableField xmlns=""
			i:type="AxTableFieldDate">
			<Name>ServiceDateConfirmed</Name>
			<ExtendedDataType>ConVMSVehicleServiceDateConfirmed</ExtendedDataType>
		</AxTableField>
		<AxTableField xmlns=""
			i:type="AxTableFieldDate">
			<Name>ServiceDateReq</Name>
			<ExtendedDataType>ConVMSVehicleServiceDateReq</ExtendedDataType>
		</AxTableField>
	</Fields>
	<FullTextIndexes />
	<Indexes>
		<AxTableIndex>
			<Name>ServiceIdx</Name>
			<Fields>
				<AxTableIndexField>
					<DataField>ServiceId</DataField>
				</AxTableIndexField>
			</Fields>
		</AxTableIndex>
	</Indexes>
	<Mappings />
	<Relations>
		<AxTableRelation xmlns=""
			i:type="AxTableRelationForeignKey">
			<Name>ConVMSVehicleTable</Name>
			<Cardinality>OneMore</Cardinality>
			<OnDelete>Restricted</OnDelete>
			<RelatedTable>ConVMSVehicleTable</RelatedTable>
			<RelatedTableCardinality>ZeroOne</RelatedTableCardinality>
			<RelationshipType>Association</RelationshipType>
			<Constraints>
				<AxTableRelationConstraint xmlns=""
					i:type="AxTableRelationConstraintField">
					<Name>VehicleId</Name>
					<Field>VehicleId</Field>
					<RelatedField>VehicleId</RelatedField>
				</AxTableRelationConstraint>
			</Constraints>
		</AxTableRelation>
	</Relations>
	<StateMachines />
</AxTable>