<?xml version="1.0" encoding="utf-8"?>
<AxEnum xmlns:i="http://www.w3.org/2001/XMLSchema-instance">
	<Name>ConVMSVehicleServiceStatus</Name>
	<Help>@ConVMS:StatusHT</Help>
	<Label>@SYS36398</Label>
	<UseEnumValue>No</UseEnumValue>
	<EnumValues>
		<AxEnumValue>
			<Name>None</Name>
		</AxEnumValue>
		<AxEnumValue>
			<Name>Confirmed</Name>
			<Label>@ConVMS:Confirmed</Label>
			<Value>1</Value>
		</AxEnumValue>
		<AxEnumValue>
			<Name>Complete</Name>
			<Label>@ConVMS:Complete</Label>
			<Value>2</Value>
		</AxEnumValue>
		<AxEnumValue>
			<Name>Cancelled</Name>
			<Label>@ConVMS:Cancelled</Label>
			<Value>3</Value>
		</AxEnumValue>
	</EnumValues>
	<IsExtensible>true</IsExtensible>
</AxEnum>