<?xml version="1.0" encoding="utf-8"?>
<AxEdt xmlns:i="http://www.w3.org/2001/XMLSchema-instance" xmlns=""
	i:type="AxEdtString">
	<Name>ConVMSVehicleServiceId</Name>
	<Extends>Num</Extends>
	<HelpText>@ConVMS:ServiceIdHT</HelpText>
	<Label>@ConVMS:ServiceId</Label>
	<ReferenceTable>ConVMSVehicleServiceTable</ReferenceTable>
	<ArrayElements />
	<Relations />
	<TableReferences>
		<AxEdtTableReference>
			<RelatedField>ServiceId</RelatedField>
			<Table>ConVMSVehicleServiceTable</Table>
		</AxEdtTableReference>
	</TableReferences>
</AxEdt>