<?xml version="1.0" encoding="utf-8"?>
<Diagnostics
  GenerationTime="2019-03-16T12:28:15.4406434-07:00">
  <Items>
    <Diagnostic>
      <DiagnosticType>Compile</DiagnosticType>
      <Severity>Error</Severity>
      <Path>dynamics://Table/ConVMSVehicleServiceLine/Method/`InitFromInventTable</Path>
      <ElementType>Table Method</ElementType>
      <Moniker>AssemblyMustBeReferenced</Moniker>
      <Line>3</Line>
      <Column>5</Column>
      <EndLine>3</EndLine>
      <EndColumn>62</EndColumn>
      <Message>A reference to 'Dynamics.AX.Ledger, Version=0.0.0.0, Culture=neutral, PublicKeyToken=null' is required to compile this module.</Message>
    </Diagnostic>
  </Items>
  <Aliases />
</Diagnostics>