<?xml version="1.0" encoding="utf-8"?>
<Diagnostics
  GenerationTime="2019-03-16T12:31:32.3837719-07:00">
  <Items>
    <Diagnostic>
      <DiagnosticType>ExternalReference</DiagnosticType>
      <Severity>Warning</Severity>
      <Path>dynamics://Reference/Microsoft.OData.Edm</Path>
      <Moniker>AssemblyFileNotFound</Moniker>
      <Message>Assembly 'System.Xml, Version=2.0.5.0, Culture=neutral, PublicKeyToken=7cec85d7bea7798e' failed to load because it was not found.</Message>
    </Diagnostic>
  </Items>
  <Aliases />
</Diagnostics>