<?xml version="1.0" encoding="utf-8"?>
<Diagnostics
  GenerationTime="2019-03-16T07:14:38.0154438-07:00">
  <Items>
    <Diagnostic>
      <DiagnosticType>VisualStudioIntegration</DiagnosticType>
      <Severity>Informational</Severity>
      <Path>C:\AOSService\PackagesLocalDirectory\Bin\labelc.exe</Path>
      <Moniker>C:\AOSService\PackagesLocalDirectory\Bin\labelc.exe -metadata="C:\AOSService\PackagesLocalDirectory" -output="C:\AOSService\PackagesLocalDirectory\ConVehicleManagement\Resources" -modelmodule="ConVehicleManagement" </Moniker>
      <Message>C:\AOSService\PackagesLocalDirectory\Bin\labelc.exe -metadata="C:\AOSService\PackagesLocalDirectory" -output="C:\AOSService\PackagesLocalDirectory\ConVehicleManagement\Resources" -modelmodule="ConVehicleManagement" </Message>
    </Diagnostic>
    <Diagnostic>
      <DiagnosticType>Unspecified</DiagnosticType>
      <Severity>Informational</Severity>
      <Path>labelc.exe</Path>
      <Moniker>Compiling Primary Resource file for ConVMS</Moniker>
      <Message>Compiling Primary Resource file for ConVMS</Message>
    </Diagnostic>
    <Diagnostic>
      <DiagnosticType>Unspecified</DiagnosticType>
      <Severity>Informational</Severity>
      <Path>labelc.exe</Path>
      <Moniker>Generating Primary resource assembly for ConVMS</Moniker>
      <Message>Generating Primary resource assembly for ConVMS</Message>
    </Diagnostic>
    <Diagnostic>
      <DiagnosticType>Unspecified</DiagnosticType>
      <Severity>Informational</Severity>
      <Path>labelc.exe</Path>
      <Moniker>Compiling label file ConVMS for language en-GB</Moniker>
      <Message>Compiling label file ConVMS for language en-GB</Message>
    </Diagnostic>
    <Diagnostic>
      <DiagnosticType>Unspecified</DiagnosticType>
      <Severity>Informational</Severity>
      <Path>labelc.exe</Path>
      <Moniker>Compiling label file ConVMS for language en-IE</Moniker>
      <Message>Compiling label file ConVMS for language en-IE</Message>
    </Diagnostic>
    <Diagnostic>
      <DiagnosticType>Unspecified</DiagnosticType>
      <Severity>Informational</Severity>
      <Path>labelc.exe</Path>
      <Moniker>Compiling label file ConVMS for language en-US</Moniker>
      <Message>Compiling label file ConVMS for language en-US</Message>
    </Diagnostic>
    <Diagnostic>
      <DiagnosticType>Unspecified</DiagnosticType>
      <Severity>Informational</Severity>
      <Path>labelc.exe</Path>
      <Moniker>Generating satellite resource assembly for label file ConVMS, language en-IE</Moniker>
      <Message>Generating satellite resource assembly for label file ConVMS, language en-IE</Message>
    </Diagnostic>
    <Diagnostic>
      <DiagnosticType>Unspecified</DiagnosticType>
      <Severity>Informational</Severity>
      <Path>labelc.exe</Path>
      <Moniker>Generating satellite resource assembly for label file ConVMS, language en-US</Moniker>
      <Message>Generating satellite resource assembly for label file ConVMS, language en-US</Message>
    </Diagnostic>
    <Diagnostic>
      <DiagnosticType>Unspecified</DiagnosticType>
      <Severity>Informational</Severity>
      <Path>labelc.exe</Path>
      <Moniker>Generating satellite resource assembly for label file ConVMS, language en-GB</Moniker>
      <Message>Generating satellite resource assembly for label file ConVMS, language en-GB</Message>
    </Diagnostic>
    <Diagnostic>
      <DiagnosticType>Unspecified</DiagnosticType>
      <Severity>Informational</Severity>
      <Path>labelc.exe</Path>
      <Moniker>Done!</Moniker>
      <Message>Done!</Message>
    </Diagnostic>
  </Items>
  <Aliases />
</Diagnostics>